Word,Count
data,20
big,7
computing,5
algorithms,5
processing,5
learning,4
machine,4
count,3
word,3
cloud,3
science,3
often,2
analytics,2
without,2
requires,2
resources,2
distributed,2
relies,2
large,2
step,2
scientific,1
unstructured,1
first,1
interdisciplinary,1
advanced,1
field,1
mining,1
uses,1
related,1
structured,1
methods,1
noisy,1
insights,1
knowledge,1
need,1
extract,1
systems,1
processes,1
natural,1
grows,1
perform,1
continues,1
expand,1
key,1
datasets,1
process,1
us,1
helps,1
analysis,1
look,1
frequent,1
explore,1
lecture,1
efficient,1
powerful,1
analyzing,1
world,1
models,1
understand,1
transforming,1
words,1
rapidly,1
technique,1
order,1
fuel,1
heavily,1
economies,1
coherence,1
achieve,1
sharing,1
center,1
location,1
locations,1
multiple,1
functions,1
clouds,1
user,1
management,1
active,1
direct,1
power,1
storage,1
especially,1
system,1
computer,1
availability,1
ondemand,1
scale,1
infrastructure,1
programmed,1
branch,1
explicitly,1
decisions,1
predictions,1
make,1
training,1
known,1
sample,1
based,1
model,1
build,1
accuracy,1
improving,1
gradually,1
learn,1
humans,1
way,1
imitate,1
use,1
focuses,1
intelligence,1
artificial,1
language,1
